signal,rank,fft_peak_hz,amplitude
x1,1,16.0,0.40989284025620665
x1,2,32.0,0.4091575058892021
x1,3,12.25,0.11236353918991232
x1,4,7.75,0.09515468302710167
x1,5,17.5,0.09056790766599457
x1,6,10.5,0.05947198184231261
x1,7,30.5,0.08831369140363868
x1,8,18.5,0.058001200106403264
x2,1,25.0,0.15810664994978718
x2_ridge,1,0.06059972426470625,0.07039342514179849
