component,f_low_hz,f_high_hz
A6,0.0,1.953125
D6,1.953125,3.90625
D5,3.90625,7.8125
D4,7.8125,15.625
D3,15.625,31.25
D2,31.25,62.5
D1,62.5,125.0
