method,peak_time_s,spread_start_s,spread_end_s,spread_width_s,peak_power,low_6hz_continuity_ratio,low_6hz_curve_cv
STFT_short,3.142,3.038,3.194,0.15600000000000014,0.19132789491817792,1.0,0.01836844820558069
STFT_long,3.1,2.944,3.308,0.3639999999999999,0.025765999621887827,1.0,0.0025790555565151337
CWT,3.084,3.012,3.24,0.2280000000000002,1.5827449751733456,0.995,0.12276447972477326
